restaurant_id,pre_crisis_orders,pre_crisis_revenue,crisis_orders,crisis_revenue,order_change,order_change_pct,revenue_change_pct
REST00013,10.0,3081.37,1.0,280.53,-9.0,-90.0,-90.89593265333278
REST00053,11.0,3262.6,3.0,1022.62,-8.0,-72.72727272727273,-68.6562863973518
REST00064,11.0,3824.31,4.0,1375.66,-7.0,-63.63636363636363,-64.02854371115312
REST00104,10.0,3121.86,3.0,1194.62,-7.0,-70.0,-61.73371003184
REST00108,11.0,3446.85,0.0,0.0,-11.0,-100.0,-100.0
REST00125,10.0,3611.79,2.0,723.64,-8.0,-80.0,-79.96450513457316
REST00140,10.0,3947.26,0.0,0.0,-10.0,-100.0,-100.0
REST00142,10.0,3358.73,2.0,469.89,-8.0,-80.0,-86.00989064318955
REST00185,11.0,4527.34,0.0,0.0,-11.0,-100.0,-100.0
REST00192,11.0,3417.68,1.0,371.59,-10.0,-90.9090909090909,-89.12741977013646
REST00200,10.0,3727.9900000000002,1.0,149.93,-9.0,-90.0,-95.97826174426433
REST00209,11.0,4244.4400000000005,2.0,688.48,-9.0,-81.81818181818183,-83.7792500306283
REST00215,10.0,3217.92,1.0,262.64,-9.0,-90.0,-91.83820604614161
REST00231,10.0,3008.37,0.0,0.0,-10.0,-100.0,-100.0
REST00232,12.0,4214.36,2.0,1020.89,-10.0,-83.33333333333334,-75.77591852618191
REST00238,10.0,3020.95,1.0,409.27,-9.0,-90.0,-86.45227494662275
REST00245,10.0,3253.27,2.0,937.96,-8.0,-80.0,-71.16870103004054
REST00256,10.0,3450.93,1.0,428.82,-9.0,-90.0,-87.5737844581026
REST00261,11.0,3226.75,1.0,290.27,-10.0,-90.9090909090909,-91.00426125358332
REST00267,10.0,3463.7400000000002,1.0,286.74,-9.0,-90.0,-91.7216650210466
REST00274,10.0,3318.82,0.0,0.0,-10.0,-100.0,-100.0
REST00278,10.0,3893.13,2.0,787.9200000000001,-8.0,-80.0,-79.76127177874872
REST00289,11.0,3664.82,2.0,797.4300000000001,-9.0,-81.81818181818183,-78.24095044231369
REST00295,14.0,5029.28,0.0,0.0,-14.0,-100.0,-100.0
REST00304,14.0,4662.83,0.0,0.0,-14.0,-100.0,-100.0
REST00307,10.0,4010.0,1.0,357.89,-9.0,-90.0,-91.07506234413965
REST00343,11.0,4023.94,1.0,257.59,-10.0,-90.9090909090909,-93.59856260282211
REST00367,12.0,3944.9700000000003,0.0,0.0,-12.0,-100.0,-100.0
REST00394,11.0,3441.6400000000003,2.0,1019.6600000000001,-9.0,-81.81818181818183,-70.37284550388769
REST00400,11.0,4065.33,2.0,337.57,-9.0,-81.81818181818183,-91.69636905245085
REST00411,12.0,4546.74,0.0,0.0,-12.0,-100.0,-100.0
REST00461,10.0,3741.13,2.0,662.46,-8.0,-80.0,-82.29251589760314
REST00483,10.0,2999.74,5.0,1654.48,-5.0,-50.0,-44.8458866435091
REST00487,10.0,3464.44,4.0,1795.8799999999999,-6.0,-60.0,-48.16247358880512
REST00501,11.0,3659.94,4.0,1317.8600000000001,-7.0,-63.63636363636363,-63.99230588479592
REST00524,11.0,3767.25,1.0,416.69,-10.0,-90.9090909090909,-88.93914659234188
REST00534,11.0,3422.05,2.0,527.88,-9.0,-81.81818181818183,-84.57415876448327
REST00552,10.0,3884.01,3.0,1102.91,-7.0,-70.0,-71.60383212195643
REST00562,10.0,3127.2799999999997,1.0,720.39,-9.0,-90.0,-76.9643268271469
REST00577,10.0,3400.05,3.0,1277.81,-7.0,-70.0,-62.41790561903502
REST00619,12.0,3447.82,1.0,136.78,-11.0,-91.66666666666666,-96.03285554350285
REST00660,10.0,3690.23,3.0,1414.45,-7.0,-70.0,-61.67041078740348
REST00661,11.0,3721.7999999999997,2.0,586.29,-9.0,-81.81818181818183,-84.24713848137998
REST00710,12.0,3844.9100000000003,3.0,1047.28,-9.0,-75.0,-72.76191120208276
REST00790,10.0,3011.9700000000003,2.0,702.11,-8.0,-80.0,-76.68934285534053
REST00798,10.0,3450.87,2.0,901.99,-8.0,-80.0,-73.8619536522674
REST00826,10.0,3581.94,0.0,0.0,-10.0,-100.0,-100.0
REST00841,10.0,2911.7200000000003,2.0,574.47,-8.0,-80.0,-80.27042435399008
REST00869,12.0,3706.23,0.0,0.0,-12.0,-100.0,-100.0
REST00891,10.0,3651.04,1.0,375.34,-9.0,-90.0,-89.71964152679784
REST00914,11.0,3555.02,1.0,270.32,-10.0,-90.9090909090909,-92.3961046632649
REST00917,10.0,3467.1,3.0,1205.32,-7.0,-70.0,-65.23549940872775
REST00954,10.0,3968.96,2.0,790.02,-8.0,-80.0,-80.09503749092961
REST00961,11.0,4153.98,0.0,0.0,-11.0,-100.0,-100.0
REST00972,10.0,3630.31,2.0,645.14,-8.0,-80.0,-82.22906583735274
REST00974,10.0,3513.53,2.0,534.99,-8.0,-80.0,-84.77343298619905
REST00984,10.0,3339.63,4.0,1230.31,-6.0,-60.0,-63.16029021178993
REST00986,10.0,3761.9700000000003,4.0,1456.55,-6.0,-60.0,-61.28225371281536
REST01000,10.0,3939.7799999999997,4.0,1434.21,-6.0,-60.0,-63.596698292798074
REST01023,11.0,3521.11,1.0,436.75,-10.0,-90.9090909090909,-87.59624095810696
REST01039,10.0,3071.84,4.0,1502.74,-6.0,-60.0,-51.080134381999066
REST01047,14.0,4936.29,1.0,440.33,-13.0,-92.85714285714286,-91.07973802187473
REST01056,14.0,4078.33,1.0,263.99,-13.0,-92.85714285714286,-93.52700737801993
REST01083,10.0,3769.97,1.0,208.99,-9.0,-90.0,-94.45645456064636
REST01125,10.0,3782.2400000000002,0.0,0.0,-10.0,-100.0,-100.0
REST01127,11.0,3586.48,0.0,0.0,-11.0,-100.0,-100.0
REST01156,11.0,3812.95,1.0,349.73,-10.0,-90.9090909090909,-90.82783671435503
REST01231,13.0,4686.12,1.0,302.55,-12.0,-92.3076923076923,-93.54369926506362
REST01235,10.0,3346.35,1.0,416.87,-9.0,-90.0,-87.54254635647796
REST01248,11.0,2709.2,1.0,342.44,-10.0,-90.9090909090909,-87.36010630444412
REST01264,11.0,3491.68,1.0,328.1,-10.0,-90.9090909090909,-90.60337717087477
REST01283,12.0,4001.1800000000003,2.0,839.1199999999999,-10.0,-83.33333333333334,-79.02818668492795
REST01307,10.0,3744.2,2.0,840.78,-8.0,-80.0,-77.54446877837722
REST01347,12.0,4084.92,2.0,814.66,-10.0,-83.33333333333334,-80.05689217903901
REST01355,10.0,2740.71,4.0,912.59,-6.0,-60.0,-66.70242382448343
REST01359,11.0,3392.72,2.0,716.69,-9.0,-81.81818181818183,-78.87565139475112
REST01363,10.0,3528.7,1.0,365.71,-9.0,-90.0,-89.63612661886813
REST01434,11.0,3785.45,2.0,836.87,-9.0,-81.81818181818183,-77.89245664319962
REST01463,10.0,3845.34,0.0,0.0,-10.0,-100.0,-100.0
REST01467,11.0,3875.22,0.0,0.0,-11.0,-100.0,-100.0
REST01491,10.0,2937.41,2.0,603.62,-8.0,-80.0,-79.45060444405105
REST01551,10.0,3661.06,3.0,870.1,-7.0,-70.0,-76.23365910419388
REST01579,11.0,3693.5699999999997,5.0,1255.05,-6.0,-54.54545454545454,-66.02067918030524
REST01582,10.0,3464.4799999999996,1.0,593.52,-9.0,-90.0,-82.86842469865607
REST01587,10.0,3279.7200000000003,3.0,936.6099999999999,-7.0,-70.0,-71.44237922749504
REST01592,11.0,4176.5,1.0,299.06,-10.0,-90.9090909090909,-92.83945887705016
REST01634,13.0,4421.14,1.0,590.73,-12.0,-92.3076923076923,-86.63851404841284
REST01664,10.0,4272.18,2.0,623.65,-8.0,-80.0,-85.40206639233365
REST01669,10.0,3175.3199999999997,2.0,719.53,-8.0,-80.0,-77.33992164569241
REST01683,10.0,3019.73,1.0,344.78,-9.0,-90.0,-88.58242293185151
REST01697,12.0,5031.91,3.0,1088.99,-9.0,-75.0,-78.35831721950512
REST01701,11.0,4177.24,1.0,232.33,-10.0,-90.9090909090909,-94.43819363981959
REST01705,10.0,3735.0099999999998,1.0,425.09,-9.0,-90.0,-88.61877210502783
REST01709,10.0,3149.76,0.0,0.0,-10.0,-100.0,-100.0
REST01710,10.0,3370.52,1.0,300.24,-9.0,-90.0,-91.09217568802438
REST01745,11.0,3700.92,4.0,1693.34,-7.0,-63.63636363636363,-54.24543086583877
REST01775,12.0,3722.49,1.0,306.61,-11.0,-91.66666666666666,-91.76330896792201
REST01779,10.0,3367.52,2.0,548.21,-8.0,-80.0,-83.72066090179123
REST01782,11.0,3718.49,1.0,363.83,-10.0,-90.9090909090909,-90.21565205231155
REST01783,12.0,4940.33,1.0,217.14,-11.0,-91.66666666666666,-95.60474705131034
REST01806,10.0,3133.13,1.0,621.89,-9.0,-90.0,-80.15115874540794
REST01813,10.0,3575.0,0.0,0.0,-10.0,-100.0,-100.0
REST01822,11.0,3028.04,1.0,347.49,-10.0,-90.9090909090909,-88.52425991730625
REST01836,10.0,3569.41,1.0,337.35,-9.0,-90.0,-90.54885821466293
REST01841,10.0,4024.1800000000003,3.0,1291.5700000000002,-7.0,-70.0,-67.90476569139551
REST01879,11.0,3722.63,1.0,263.25,-10.0,-90.9090909090909,-92.92838665137282
REST01907,10.0,3937.03,0.0,0.0,-10.0,-100.0,-100.0
REST01919,10.0,3702.2200000000003,2.0,825.9,-8.0,-80.0,-77.69176332038614
REST01930,11.0,3031.18,2.0,645.37,-9.0,-81.81818181818183,-78.70895162939846
REST01939,10.0,3671.79,4.0,1447.53,-6.0,-60.0,-60.57699378232416
REST01940,11.0,3733.73,2.0,787.9200000000001,-9.0,-81.81818181818183,-78.89724216801964
REST01967,10.0,3775.77,2.0,671.04,-8.0,-80.0,-82.22773103234572
REST01986,10.0,3455.91,2.0,710.6500000000001,-8.0,-80.0,-79.43667514489671
REST02064,11.0,3381.04,1.0,295.91,-10.0,-90.9090909090909,-91.24795920781771
REST02086,10.0,3368.27,0.0,0.0,-10.0,-100.0,-100.0
REST02098,10.0,3420.62,2.0,757.22,-8.0,-80.0,-77.86307745379492
REST02143,12.0,3900.0,1.0,311.64,-11.0,-91.66666666666666,-92.00923076923078
REST02150,11.0,4909.43,0.0,0.0,-11.0,-100.0,-100.0
REST02157,11.0,4071.73,2.0,871.27,-9.0,-81.81818181818183,-78.60197016992777
REST02199,10.0,3591.93,2.0,526.79,-8.0,-80.0,-85.3340683142489
REST02225,14.0,4433.8,0.0,0.0,-14.0,-100.0,-100.0
REST02250,10.0,3727.96,3.0,800.3299999999999,-7.0,-70.0,-78.53169025418728
REST02287,10.0,4051.9300000000003,0.0,0.0,-10.0,-100.0,-100.0
REST02293,11.0,3505.41,1.0,383.87,-10.0,-90.9090909090909,-89.04921250295972
REST02302,10.0,3151.88,0.0,0.0,-10.0,-100.0,-100.0
REST02315,10.0,3189.56,0.0,0.0,-10.0,-100.0,-100.0
REST02383,10.0,3433.99,2.0,744.44,-8.0,-80.0,-78.32142784341247
REST02396,10.0,3354.06,1.0,282.36,-9.0,-90.0,-91.58154594729969
REST02410,12.0,4869.48,1.0,541.74,-11.0,-91.66666666666666,-88.87478745163754
REST02438,11.0,3585.2,0.0,0.0,-11.0,-100.0,-100.0
REST02491,11.0,3992.16,2.0,754.26,-9.0,-81.81818181818183,-81.10646867861007
REST02496,10.0,3356.33,5.0,1323.55,-5.0,-50.0,-60.56555821388243
REST02521,11.0,3654.26,0.0,0.0,-11.0,-100.0,-100.0
REST02522,10.0,3926.76,2.0,935.25,-8.0,-80.0,-76.1826544021025
REST02524,10.0,3467.8100000000004,1.0,247.81,-9.0,-90.0,-92.85399142398228
REST02529,10.0,3438.97,1.0,356.19,-9.0,-90.0,-89.64253831815921
REST02541,10.0,3354.71,0.0,0.0,-10.0,-100.0,-100.0
REST02563,10.0,3553.1,2.0,798.38,-8.0,-80.0,-77.53004418676647
REST02576,10.0,4526.34,3.0,1061.17,-7.0,-70.0,-76.55567191152234
REST02612,10.0,4312.13,1.0,205.08,-9.0,-90.0,-95.24411369787089
REST02634,10.0,3055.5,1.0,249.54,-9.0,-90.0,-91.83308787432499
REST02660,10.0,3545.0699999999997,1.0,462.24,-9.0,-90.0,-86.96104731359326
REST02702,10.0,3351.18,3.0,1302.34,-7.0,-70.0,-61.137867855501646
REST02777,10.0,3000.34,1.0,453.98,-9.0,-90.0,-84.86904817454021
REST02799,10.0,3818.86,2.0,507.02,-8.0,-80.0,-86.72326296329271
REST02815,10.0,4370.26,0.0,0.0,-10.0,-100.0,-100.0
REST02834,11.0,3519.84,1.0,198.68,-10.0,-90.9090909090909,-94.35542524660212
REST02862,10.0,3851.33,4.0,1580.86,-6.0,-60.0,-58.95288121246427
REST02891,10.0,4372.2,1.0,390.44,-9.0,-90.0,-91.06994190567677
REST02927,11.0,3272.19,4.0,1455.12,-7.0,-63.63636363636363,-55.53069962318814
REST02946,10.0,3307.96,1.0,457.12,-9.0,-90.0,-86.18121138103241
REST02976,12.0,3843.39,4.0,1365.3,-8.0,-66.66666666666666,-64.47667293717267
REST03003,14.0,5145.89,1.0,340.08,-13.0,-92.85714285714286,-93.39123067146791
REST03026,12.0,4145.89,3.0,983.87,-9.0,-75.0,-76.26878667789065
REST03029,10.0,3662.5299999999997,1.0,448.59,-9.0,-90.0,-87.75190919937856
REST03049,13.0,4322.63,1.0,323.1,-12.0,-92.3076923076923,-92.5253838519605
REST03075,12.0,4100.25,2.0,615.9,-10.0,-83.33333333333334,-84.97896469727455
REST03085,10.0,3470.19,0.0,0.0,-10.0,-100.0,-100.0
REST03098,10.0,3652.8900000000003,3.0,919.62,-7.0,-70.0,-74.82486469617207
REST03120,13.0,3975.84,1.0,405.81,-12.0,-92.3076923076923,-89.79310032596885
REST03138,11.0,4083.49,4.0,1859.94,-7.0,-63.63636363636363,-54.452196527969946
REST03202,10.0,4236.22,2.0,1224.5900000000001,-8.0,-80.0,-71.09238896941142
REST03236,11.0,3715.66,0.0,0.0,-11.0,-100.0,-100.0
REST03248,11.0,4466.12,0.0,0.0,-11.0,-100.0,-100.0
REST03258,10.0,3332.59,1.0,304.0,-9.0,-90.0,-90.87796578637037
REST03302,12.0,4139.07,0.0,0.0,-12.0,-100.0,-100.0
REST03312,10.0,3136.36,2.0,817.77,-8.0,-80.0,-73.92614368248543
REST03319,10.0,3302.09,3.0,1008.39,-7.0,-70.0,-69.46206796301738
REST03347,12.0,4518.49,2.0,700.48,-10.0,-83.33333333333334,-84.49747592669232
REST03353,11.0,3891.41,2.0,560.47,-9.0,-81.81818181818183,-85.59725138188985
REST03360,10.0,3427.93,0.0,0.0,-10.0,-100.0,-100.0
REST03377,13.0,4826.49,6.0,1528.45,-7.0,-53.84615384615385,-68.33205911542343
REST03388,10.0,2965.21,7.0,2026.34,-3.0,-30.0,-31.662850185990205
REST03412,10.0,3654.6,2.0,486.09000000000003,-8.0,-80.0,-86.69922836972582
REST03413,10.0,3228.21,0.0,0.0,-10.0,-100.0,-100.0
REST03421,10.0,3897.64,2.0,493.77,-8.0,-80.0,-87.33156474174115
REST03504,11.0,4095.3,2.0,662.1099999999999,-9.0,-81.81818181818183,-83.8324420677362
REST03542,10.0,3717.98,2.0,671.76,-8.0,-80.0,-81.93212443315994
REST03548,11.0,4297.63,3.0,997.9100000000001,-8.0,-72.72727272727273,-76.77999269364744
REST03566,10.0,3809.05,1.0,537.24,-9.0,-90.0,-85.8956957771623
REST03602,10.0,3276.17,0.0,0.0,-10.0,-100.0,-100.0
REST03622,10.0,3803.71,0.0,0.0,-10.0,-100.0,-100.0
REST03671,10.0,3616.12,4.0,1219.63,-6.0,-60.0,-66.2724135260998
REST03679,13.0,4334.06,0.0,0.0,-13.0,-100.0,-100.0
REST03690,12.0,4917.85,0.0,0.0,-12.0,-100.0,-100.0
REST03693,11.0,3680.6400000000003,2.0,437.23,-9.0,-81.81818181818183,-88.12081594505304
REST03725,11.0,3774.09,2.0,507.62,-9.0,-81.81818181818183,-86.54987029986036
REST03756,10.0,2914.39,2.0,370.76,-8.0,-80.0,-87.278298374617
REST03792,10.0,3574.83,0.0,0.0,-10.0,-100.0,-100.0
REST03833,10.0,4120.42,1.0,381.75,-9.0,-90.0,-90.73516777415894
REST03908,10.0,4473.8,3.0,908.0,-7.0,-70.0,-79.70405471858375
REST03934,13.0,4507.69,1.0,265.5,-12.0,-92.3076923076923,-94.1100652440607
REST03959,11.0,4895.01,4.0,1212.32,-7.0,-63.63636363636363,-75.23355417047158
REST03984,11.0,4170.74,4.0,1377.74,-7.0,-63.63636363636363,-66.96653351683395
REST04016,10.0,3645.71,0.0,0.0,-10.0,-100.0,-100.0
REST04020,10.0,3468.2200000000003,3.0,1195.13,-7.0,-70.0,-65.54053664415753
REST04024,12.0,4594.5,3.0,1098.29,-9.0,-75.0,-76.09554902600935
REST04048,11.0,3745.37,0.0,0.0,-11.0,-100.0,-100.0
REST04082,11.0,4001.61,1.0,224.85,-10.0,-90.9090909090909,-94.38101164281377
REST04102,10.0,3546.96,1.0,603.18,-9.0,-90.0,-82.99445158671088
REST04163,10.0,3717.92,1.0,170.8,-9.0,-90.0,-95.4060334810862
REST04188,10.0,2794.86,0.0,0.0,-10.0,-100.0,-100.0
REST04195,12.0,4271.15,2.0,690.35,-10.0,-83.33333333333334,-83.83690575137844
REST04232,10.0,3713.9500000000003,0.0,0.0,-10.0,-100.0,-100.0
REST04303,11.0,3407.31,3.0,906.74,-8.0,-72.72727272727273,-73.38839142901584
REST04335,10.0,3928.25,3.0,1371.66,-7.0,-70.0,-65.08216126774009
REST04371,10.0,3632.02,1.0,350.33,-9.0,-90.0,-90.3544033347834
REST04378,10.0,3212.19,1.0,189.91,-9.0,-90.0,-94.0878341567591
REST04398,10.0,3694.6,2.0,671.97,-8.0,-80.0,-81.81210415200565
REST04425,10.0,3339.52,2.0,636.3399999999999,-8.0,-80.0,-80.94516577232656
REST04436,10.0,3310.61,1.0,275.56,-9.0,-90.0,-91.67645841702888
REST04470,10.0,3289.51,3.0,872.64,-7.0,-70.0,-73.47203686871298
REST04482,10.0,3834.84,3.0,1335.28,-7.0,-70.0,-65.18029435387136
REST04492,10.0,3526.7200000000003,5.0,2007.95,-5.0,-50.0,-43.0646606478541
REST04504,10.0,4021.59,3.0,1230.07,-7.0,-70.0,-69.41334148931145
REST04506,14.0,5046.0599999999995,2.0,739.53,-12.0,-85.71428571428571,-85.34440731977028
REST04544,10.0,3716.16,1.0,364.19,-9.0,-90.0,-90.19982993197279
REST04548,11.0,3208.23,4.0,1116.67,-7.0,-63.63636363636363,-65.19358026076684
REST04565,11.0,3384.79,1.0,331.72,-10.0,-90.9090909090909,-90.19968742521692
REST04588,13.0,3978.87,3.0,1249.48,-10.0,-76.92307692307693,-68.59711425605762
REST04790,11.0,4230.72,0.0,0.0,-11.0,-100.0,-100.0
REST04801,11.0,3904.9300000000003,1.0,236.56,-10.0,-90.9090909090909,-93.94201688634624
REST04852,10.0,3636.08,0.0,0.0,-10.0,-100.0,-100.0
REST04924,11.0,3688.93,2.0,659.5699999999999,-9.0,-81.81818181818183,-82.12028962327828
REST05008,13.0,4188.6,2.0,896.4,-11.0,-84.61538461538461,-78.5990545767082
REST05009,10.0,3739.27,1.0,221.24,-9.0,-90.0,-94.0833371219516
REST05027,12.0,4310.63,1.0,430.2,-11.0,-91.66666666666666,-90.02002027545858
REST05047,10.0,3160.92,3.0,727.11,-7.0,-70.0,-76.99688698227098
REST05063,10.0,3445.95,2.0,502.67999999999995,-8.0,-80.0,-85.41244069124625
REST05086,10.0,4205.07,1.0,663.03,-9.0,-90.0,-84.23260492690966
REST05120,10.0,4153.74,3.0,924.0799999999999,-7.0,-70.0,-77.75306109674655
REST05157,10.0,3219.66,2.0,674.13,-8.0,-80.0,-79.06207487747153
REST05188,10.0,3021.79,3.0,791.96,-7.0,-70.0,-73.79169300315375
REST05208,10.0,3993.27,1.0,226.46,-9.0,-90.0,-94.32895847263019
REST05210,12.0,3753.8599999999997,2.0,978.85,-10.0,-83.33333333333334,-73.92417405017768
REST05238,10.0,3272.99,1.0,279.67,-9.0,-90.0,-91.45521373423078
REST05243,10.0,2815.2999999999997,2.0,494.31,-8.0,-80.0,-82.44201328455227
REST05253,11.0,3550.09,0.0,0.0,-11.0,-100.0,-100.0
REST05262,12.0,4525.53,0.0,0.0,-12.0,-100.0,-100.0
REST05264,12.0,4090.87,3.0,1248.14,-9.0,-75.0,-69.48961956747586
REST05268,11.0,3728.79,0.0,0.0,-11.0,-100.0,-100.0
REST05277,10.0,3460.74,0.0,0.0,-10.0,-100.0,-100.0
REST05279,11.0,3226.19,1.0,274.07,-10.0,-90.9090909090909,-91.50484007451513
REST05340,10.0,3549.16,0.0,0.0,-10.0,-100.0,-100.0
REST05352,10.0,3643.9,2.0,570.5500000000001,-8.0,-80.0,-84.34232553033837
REST05358,10.0,3873.73,1.0,627.84,-9.0,-90.0,-83.79236549785348
REST05368,10.0,4005.89,0.0,0.0,-10.0,-100.0,-100.0
REST05431,10.0,3879.09,0.0,0.0,-10.0,-100.0,-100.0
REST05437,10.0,3490.96,1.0,235.05,-9.0,-90.0,-93.2668950661136
REST05455,10.0,3675.19,1.0,270.2,-9.0,-90.0,-92.64799915106431
REST05495,10.0,3265.66,0.0,0.0,-10.0,-100.0,-100.0
REST05526,12.0,3124.82,2.0,818.23,-10.0,-83.33333333333334,-73.8151317515889
REST05543,10.0,3375.7,0.0,0.0,-10.0,-100.0,-100.0
REST05571,11.0,3629.56,0.0,0.0,-11.0,-100.0,-100.0
REST05581,10.0,3169.16,4.0,1413.07,-6.0,-60.0,-55.41184414797612
REST05589,12.0,4172.35,3.0,1110.5,-9.0,-75.0,-73.38430380960371
REST05604,10.0,3802.56,0.0,0.0,-10.0,-100.0,-100.0
REST05630,10.0,3541.18,1.0,304.1,-9.0,-90.0,-91.41246703076375
REST05694,10.0,3684.28,1.0,218.89,-9.0,-90.0,-94.05881203383022
REST05717,11.0,3414.3199999999997,1.0,564.27,-10.0,-90.9090909090909,-83.4734295555191
REST05738,12.0,4114.22,1.0,278.1,-11.0,-91.66666666666666,-93.240517036036
REST05788,11.0,3964.17,2.0,907.39,-9.0,-81.81818181818183,-77.11021474861069
REST05798,10.0,3933.78,1.0,430.78,-9.0,-90.0,-89.04920966602097
REST05803,10.0,3192.31,2.0,712.55,-8.0,-80.0,-77.67917276204379
REST05809,10.0,3308.33,0.0,0.0,-10.0,-100.0,-100.0
REST05830,12.0,4023.08,0.0,0.0,-12.0,-100.0,-100.0
REST05832,10.0,4146.86,1.0,286.39,-9.0,-90.0,-93.09381073872763
REST05846,10.0,4063.54,1.0,308.26,-9.0,-90.0,-92.41400355355182
REST05849,10.0,3127.6800000000003,2.0,761.78,-8.0,-80.0,-75.64392776754656
REST05859,11.0,4044.25,0.0,0.0,-11.0,-100.0,-100.0
REST05875,10.0,3482.67,2.0,644.26,-8.0,-80.0,-81.50097482678518
REST05976,11.0,3751.68,2.0,987.5899999999999,-9.0,-81.81818181818183,-73.67605979187991
REST05983,10.0,3601.5299999999997,1.0,195.62,-9.0,-90.0,-94.56841953280967
REST05988,10.0,3562.36,3.0,1065.15,-7.0,-70.0,-70.09987760922535
REST05999,11.0,3832.52,3.0,909.36,-8.0,-72.72727272727273,-76.27253086741882
REST06006,11.0,4027.2,1.0,307.13,-10.0,-90.9090909090909,-92.37360945570123
REST06023,11.0,3108.31,1.0,638.62,-10.0,-90.9090909090909,-79.45443022092391
REST06028,11.0,3424.02,3.0,960.5699999999999,-8.0,-72.72727272727273,-71.9461334922109
REST06090,12.0,4870.79,1.0,323.68,-11.0,-91.66666666666666,-93.35467141880474
REST06096,10.0,3834.82,2.0,733.94,-8.0,-80.0,-80.86116167121273
REST06107,11.0,3473.92,3.0,817.04,-8.0,-72.72727272727273,-76.4807479734709
REST06177,11.0,3607.46,4.0,1521.16,-7.0,-63.63636363636363,-57.83293508451931
REST06195,10.0,3457.36,1.0,419.11,-9.0,-90.0,-87.87774486891732
REST06254,10.0,3605.33,2.0,595.6800000000001,-8.0,-80.0,-83.47779537518063
REST06319,12.0,5024.39,3.0,1153.44,-9.0,-75.0,-77.04318335161085
REST06357,10.0,2906.83,1.0,403.46,-9.0,-90.0,-86.12027535149974
REST06372,10.0,4520.25,1.0,374.26,-9.0,-90.0,-91.72036944859244
REST06380,11.0,3547.56,1.0,215.02,-10.0,-90.9090909090909,-93.93893267485257
REST06392,10.0,4246.91,1.0,259.09,-9.0,-90.0,-93.89932915931819
REST06396,10.0,3627.41,1.0,246.43,-9.0,-90.0,-93.20644757554288
REST06397,12.0,4826.01,1.0,310.81,-11.0,-91.66666666666666,-93.55969009595918
REST06478,11.0,3664.04,4.0,1681.6100000000001,-7.0,-63.63636363636363,-54.10503160445847
REST06479,10.0,3418.37,1.0,371.97,-9.0,-90.0,-89.11849799758363
REST06579,11.0,3462.35,3.0,1578.61,-8.0,-72.72727272727273,-54.40640027726833
REST06634,10.0,3126.41,0.0,0.0,-10.0,-100.0,-100.0
REST06641,10.0,3282.29,1.0,282.13,-9.0,-90.0,-91.4044767525112
REST06654,10.0,3640.98,2.0,545.68,-8.0,-80.0,-85.01282621711738
REST06660,10.0,3251.8,3.0,1452.0,-7.0,-70.0,-55.34780736822683
REST06674,11.0,3514.88,2.0,925.4100000000001,-9.0,-81.81818181818183,-73.67164739621268
REST06678,10.0,3625.35,0.0,0.0,-10.0,-100.0,-100.0
REST06702,10.0,3254.0299999999997,4.0,1392.45,-6.0,-60.0,-57.20844614216832
REST06731,10.0,3578.54,2.0,953.6800000000001,-8.0,-80.0,-73.35002542936505
REST06757,11.0,4100.88,2.0,740.78,-9.0,-81.81818181818183,-81.93607225766178
REST06777,10.0,4229.58,1.0,185.24,-9.0,-90.0,-95.6203689255198
REST06789,10.0,3072.46,3.0,984.85,-7.0,-70.0,-67.94588049966477
REST06800,10.0,3458.7,1.0,528.88,-9.0,-90.0,-84.70870558302252
REST06820,10.0,3279.7,3.0,1463.51,-7.0,-70.0,-55.376711284568714
REST06821,12.0,3671.68,0.0,0.0,-12.0,-100.0,-100.0
REST06854,11.0,3727.17,2.0,462.17999999999995,-9.0,-81.81818181818183,-87.59970701631534
REST06866,11.0,3440.77,2.0,642.9,-9.0,-81.81818181818183,-81.31522885865662
REST06869,10.0,4341.93,0.0,0.0,-10.0,-100.0,-100.0
REST06901,10.0,3091.0,1.0,339.66,-9.0,-90.0,-89.01132319637658
REST06906,10.0,2943.35,4.0,1492.02,-6.0,-60.0,-49.308780810980686
REST06907,11.0,3806.55,1.0,439.31,-10.0,-90.9090909090909,-88.45910338758193
REST06918,11.0,3424.83,1.0,384.61,-10.0,-90.9090909090909,-88.76995354513947
REST06937,10.0,3700.06,2.0,675.61,-8.0,-80.0,-81.74056636919401
REST06938,11.0,3886.4700000000003,2.0,432.62,-9.0,-81.81818181818183,-88.86856195982473
REST06968,10.0,3174.9300000000003,2.0,706.53,-8.0,-80.0,-77.74659598794305
REST06984,11.0,4091.22,0.0,0.0,-11.0,-100.0,-100.0
REST06997,12.0,4305.26,2.0,1020.4,-10.0,-83.33333333333334,-76.29876012133994
REST06998,10.0,2917.14,2.0,593.3199999999999,-8.0,-80.0,-79.66090074525047
REST07002,11.0,3866.91,3.0,998.37,-8.0,-72.72727272727273,-74.18171097853325
REST07003,10.0,2953.05,1.0,489.5,-9.0,-90.0,-83.42391764446928
REST07005,10.0,3549.57,1.0,181.39,-9.0,-90.0,-94.88980355366988
REST07037,10.0,3267.16,2.0,829.7,-8.0,-80.0,-74.60485559323693
REST07051,11.0,3176.09,2.0,905.96,-9.0,-81.81818181818183,-71.47561939365698
REST07065,10.0,3555.84,0.0,0.0,-10.0,-100.0,-100.0
REST07075,10.0,3485.3199999999997,0.0,0.0,-10.0,-100.0,-100.0
REST07108,10.0,3313.63,1.0,599.28,-9.0,-90.0,-81.91469777856913
REST07127,10.0,2763.87,1.0,352.02,-9.0,-90.0,-87.26351094660747
REST07144,10.0,3954.2200000000003,1.0,207.36,-9.0,-90.0,-94.75598221646747
REST07153,10.0,2972.02,0.0,0.0,-10.0,-100.0,-100.0
REST07157,13.0,4384.36,3.0,1102.1399999999999,-10.0,-76.92307692307693,-74.86200950651862
REST07185,10.0,3056.55,5.0,1523.35,-5.0,-50.0,-50.16112937789339
REST07208,10.0,3274.02,0.0,0.0,-10.0,-100.0,-100.0
REST07214,11.0,4190.35,5.0,1770.66,-6.0,-54.54545454545454,-57.74434116481918
REST07222,11.0,3464.38,0.0,0.0,-11.0,-100.0,-100.0
REST07227,10.0,3478.5,1.0,440.59,-9.0,-90.0,-87.3339082938048
REST07249,11.0,3913.87,3.0,933.28,-8.0,-72.72727272727273,-76.15454780051458
REST07266,12.0,4085.76,2.0,489.37,-10.0,-83.33333333333334,-88.02254660087719
REST07312,10.0,3191.1,0.0,0.0,-10.0,-100.0,-100.0
REST07314,10.0,4236.7,0.0,0.0,-10.0,-100.0,-100.0
REST07317,12.0,4792.51,4.0,1316.09,-8.0,-66.66666666666666,-72.53860711819068
REST07344,10.0,4157.21,0.0,0.0,-10.0,-100.0,-100.0
REST07357,13.0,4493.49,0.0,0.0,-13.0,-100.0,-100.0
REST07366,10.0,3424.08,1.0,452.36,-9.0,-90.0,-86.78886007336277
REST07385,12.0,4130.18,1.0,309.33,-11.0,-91.66666666666666,-92.51049591058985
REST07386,11.0,3883.29,0.0,0.0,-11.0,-100.0,-100.0
REST07388,10.0,3564.0,2.0,884.71,-8.0,-80.0,-75.17648709315375
REST07392,11.0,3765.27,3.0,921.8800000000001,-8.0,-72.72727272727273,-75.51623123972517
REST07404,14.0,4707.2,0.0,0.0,-14.0,-100.0,-100.0
REST07409,11.0,4031.94,2.0,729.03,-9.0,-81.81818181818183,-81.91862974151401
REST07445,10.0,4181.17,0.0,0.0,-10.0,-100.0,-100.0
REST07496,10.0,2976.44,2.0,458.38,-8.0,-80.0,-84.59972315921033
REST07534,11.0,3519.0099999999998,3.0,857.71,-8.0,-72.72727272727273,-75.62638355673896
REST07535,10.0,3529.61,2.0,517.3499999999999,-8.0,-80.0,-85.34257325880196
REST07557,10.0,3854.3,4.0,1897.64,-6.0,-60.0,-50.76563837791558
REST07604,11.0,3717.75,1.0,238.58,-10.0,-90.9090909090909,-93.5826776948423
REST07656,11.0,3744.02,0.0,0.0,-11.0,-100.0,-100.0
REST07698,10.0,3457.83,3.0,1184.21,-7.0,-70.0,-65.75279872058488
REST07827,10.0,3710.62,1.0,409.38,-9.0,-90.0,-88.96734238483056
REST07830,10.0,3872.61,0.0,0.0,-10.0,-100.0,-100.0
REST07839,10.0,2931.18,0.0,0.0,-10.0,-100.0,-100.0
REST07854,11.0,3226.39,1.0,174.0,-10.0,-90.9090909090909,-94.60697559811429
REST07856,11.0,3955.83,2.0,832.8,-9.0,-81.81818181818183,-78.94752807881027
REST07880,11.0,4250.09,0.0,0.0,-11.0,-100.0,-100.0
REST07893,10.0,3586.12,1.0,330.51,-9.0,-90.0,-90.78363244955551
REST07927,10.0,3928.12,3.0,767.0,-7.0,-70.0,-80.4741199352362
REST07930,11.0,3384.4700000000003,1.0,428.14,-10.0,-90.9090909090909,-87.34986571014073
REST08001,12.0,3870.5699999999997,0.0,0.0,-12.0,-100.0,-100.0
REST08019,10.0,3579.25,3.0,963.53,-7.0,-70.0,-73.08011454913739
REST08030,11.0,3636.02,2.0,624.64,-9.0,-81.81818181818183,-82.82077656338525
REST08077,13.0,4417.94,3.0,1313.1000000000001,-10.0,-76.92307692307693,-70.27800287011593
REST08088,10.0,3669.52,3.0,1188.46,-7.0,-70.0,-67.61265778630448
REST08110,10.0,4387.99,0.0,0.0,-10.0,-100.0,-100.0
REST08118,10.0,3414.08,3.0,941.21,-7.0,-70.0,-72.43151888649358
REST08180,11.0,3651.12,3.0,894.02,-8.0,-72.72727272727273,-75.51381493897763
REST08183,10.0,4549.19,3.0,1318.48,-7.0,-70.0,-71.01725801736133
REST08201,10.0,3724.61,0.0,0.0,-10.0,-100.0,-100.0
REST08203,11.0,3751.17,2.0,554.04,-9.0,-81.81818181818183,-85.23020817504938
REST08207,10.0,3067.24,4.0,981.06,-6.0,-60.0,-68.01489286785514
REST08234,11.0,4081.45,2.0,501.31,-9.0,-81.81818181818183,-87.71735535165199
REST08248,12.0,4712.86,1.0,375.21,-11.0,-91.66666666666666,-92.03859227730084
REST08291,12.0,4146.2300000000005,1.0,260.26,-11.0,-91.66666666666666,-93.72297243520016
REST08323,11.0,3810.58,0.0,0.0,-11.0,-100.0,-100.0
REST08336,10.0,3363.37,1.0,394.36,-9.0,-90.0,-88.2748552790802
REST08367,10.0,3739.91,0.0,0.0,-10.0,-100.0,-100.0
REST08369,10.0,3950.21,2.0,725.02,-8.0,-80.0,-81.64603907134051
REST08396,11.0,3363.31,1.0,177.23,-10.0,-90.9090909090909,-94.73048871498612
REST08398,11.0,4034.5,0.0,0.0,-11.0,-100.0,-100.0
REST08422,10.0,3934.45,2.0,641.48,-8.0,-80.0,-83.69581517111668
REST08453,12.0,4257.62,2.0,859.5699999999999,-10.0,-83.33333333333334,-79.81102118084752
REST08461,14.0,4753.29,2.0,634.9,-12.0,-85.71428571428571,-86.64293573503826
REST08508,11.0,3221.46,2.0,593.46,-9.0,-81.81818181818183,-81.5779180868302
REST08516,11.0,3654.67,2.0,880.5799999999999,-9.0,-81.81818181818183,-75.90534849931731
REST08585,10.0,3898.7,1.0,507.84,-9.0,-90.0,-86.97411957832098
REST08623,10.0,3286.2799999999997,2.0,848.11,-8.0,-80.0,-74.19239991723163
REST08665,11.0,3835.02,2.0,490.5,-9.0,-81.81818181818183,-87.20997543689472
REST08747,12.0,4595.28,1.0,243.57,-11.0,-91.66666666666666,-94.69956128897478
REST08766,13.0,4460.99,3.0,916.31,-10.0,-76.92307692307693,-79.45949217550364
REST08797,10.0,3891.34,4.0,1126.69,-6.0,-60.0,-71.04622058211311
REST08799,12.0,4082.79,1.0,351.52,-11.0,-91.66666666666666,-91.390201308419
REST08818,12.0,4247.37,0.0,0.0,-12.0,-100.0,-100.0
REST08836,10.0,3730.2799999999997,0.0,0.0,-10.0,-100.0,-100.0
REST08864,12.0,4061.34,0.0,0.0,-12.0,-100.0,-100.0
REST08876,10.0,3893.96,1.0,605.53,-9.0,-90.0,-84.44950641506334
REST08884,12.0,3897.85,0.0,0.0,-12.0,-100.0,-100.0
REST08892,11.0,4382.99,0.0,0.0,-11.0,-100.0,-100.0
REST08941,11.0,3425.44,3.0,830.33,-8.0,-72.72727272727273,-75.7599023775048
REST08965,10.0,4173.21,0.0,0.0,-10.0,-100.0,-100.0
REST08979,11.0,4048.9900000000002,2.0,602.4200000000001,-9.0,-81.81818181818183,-85.12172171331616
REST08982,10.0,3814.49,0.0,0.0,-10.0,-100.0,-100.0
REST09021,11.0,4158.36,1.0,195.83,-10.0,-90.9090909090909,-95.2906915226195
REST09038,10.0,3340.14,0.0,0.0,-10.0,-100.0,-100.0
REST09041,10.0,2972.61,1.0,432.88,-9.0,-90.0,-85.43771298623095
REST09045,11.0,3150.38,2.0,633.85,-9.0,-81.81818181818183,-79.88020492765952
REST09056,10.0,4107.66,3.0,1446.72,-7.0,-70.0,-64.77994770745387
REST09057,13.0,4578.68,2.0,637.36,-11.0,-84.61538461538461,-86.07983086828519
REST09064,10.0,3625.11,2.0,721.4200000000001,-8.0,-80.0,-80.09936250210339
REST09067,10.0,2925.82,0.0,0.0,-10.0,-100.0,-100.0
REST09082,10.0,3858.15,1.0,329.83,-9.0,-90.0,-91.45108406878944
REST09084,10.0,3548.51,2.0,493.39,-8.0,-80.0,-86.0958543163187
REST09087,11.0,3879.2,0.0,0.0,-11.0,-100.0,-100.0
REST09115,12.0,3430.66,1.0,539.21,-11.0,-91.66666666666666,-84.28261617298129
REST09133,10.0,3188.13,1.0,250.94,-9.0,-90.0,-92.12892824320213
REST09159,11.0,3747.85,2.0,663.89,-9.0,-81.81818181818183,-82.28611070347
REST09170,11.0,4176.42,1.0,270.63,-10.0,-90.9090909090909,-93.52004827100723
REST09191,11.0,4345.8,1.0,333.74,-10.0,-90.9090909090909,-92.32040130700906
REST09197,12.0,3888.06,0.0,0.0,-12.0,-100.0,-100.0
REST09235,10.0,3475.6,1.0,467.32,-9.0,-90.0,-86.55426401196915
REST09277,11.0,4388.55,1.0,280.61,-10.0,-90.9090909090909,-93.60586070570007
REST09289,11.0,4291.68,1.0,310.09,-10.0,-90.9090909090909,-92.77462438951646
REST09336,11.0,4070.15,3.0,1040.18,-8.0,-72.72727272727273,-74.44369372136163
REST09353,11.0,3492.59,2.0,749.46,-9.0,-81.81818181818183,-78.54142627677454
REST09355,10.0,3804.24,2.0,389.24,-8.0,-80.0,-89.76825857464303
REST09360,10.0,3165.7,2.0,713.26,-8.0,-80.0,-77.4691221530783
REST09362,11.0,4117.03,2.0,754.6500000000001,-9.0,-81.81818181818183,-81.6700388386774
REST09365,12.0,4037.66,1.0,416.33,-11.0,-91.66666666666666,-89.68882966866948
REST09368,11.0,3325.1800000000003,3.0,913.02,-8.0,-72.72727272727273,-72.5422383149183
REST09377,10.0,3073.57,1.0,258.95,-9.0,-90.0,-91.5749437950006
REST09413,11.0,3003.7,0.0,0.0,-11.0,-100.0,-100.0
REST09425,11.0,4305.38,0.0,0.0,-11.0,-100.0,-100.0
REST09438,11.0,3883.52,1.0,236.81,-10.0,-90.9090909090909,-93.90218152603823
REST09463,10.0,3890.35,0.0,0.0,-10.0,-100.0,-100.0
REST09484,10.0,4041.02,2.0,607.44,-8.0,-80.0,-84.96815160528777
REST09485,10.0,3811.4900000000002,0.0,0.0,-10.0,-100.0,-100.0
REST09486,13.0,4610.4,0.0,0.0,-13.0,-100.0,-100.0
REST09491,10.0,3117.1,2.0,912.3,-8.0,-80.0,-70.73241153636394
REST09509,10.0,3230.71,0.0,0.0,-10.0,-100.0,-100.0
REST09510,10.0,3483.41,4.0,1342.04,-6.0,-60.0,-61.47338383939876
REST09511,10.0,3873.79,0.0,0.0,-10.0,-100.0,-100.0
REST09513,10.0,2769.2,2.0,644.04,-8.0,-80.0,-76.74274158601763
REST09514,10.0,3457.0,0.0,0.0,-10.0,-100.0,-100.0
REST09515,12.0,3909.85,0.0,0.0,-12.0,-100.0,-100.0
REST09530,10.0,3299.02,0.0,0.0,-10.0,-100.0,-100.0
REST09557,10.0,3821.14,0.0,0.0,-10.0,-100.0,-100.0
REST09609,13.0,4141.92,2.0,427.56,-11.0,-84.61538461538461,-89.67725112991076
REST09618,11.0,3728.33,1.0,305.75,-10.0,-90.9090909090909,-91.79927742447691
REST09626,13.0,4425.95,1.0,446.02,-12.0,-92.3076923076923,-89.92261548368147
REST09654,10.0,3211.7,1.0,309.65,-9.0,-90.0,-90.35868854500731
REST09665,10.0,3264.13,2.0,712.01,-8.0,-80.0,-78.18683692132359
REST09685,12.0,3671.54,2.0,720.79,-10.0,-83.33333333333334,-80.36818337809203
REST09694,10.0,3378.67,2.0,608.47,-8.0,-80.0,-81.99084255047103
REST09725,11.0,4313.87,2.0,711.44,-9.0,-81.81818181818183,-83.50807975205558
REST09742,10.0,3528.25,2.0,805.21,-8.0,-80.0,-77.17820449231205
REST09766,10.0,4592.88,1.0,327.93,-9.0,-90.0,-92.86003553326016
REST09825,10.0,4529.79,2.0,738.78,-8.0,-80.0,-83.69063466518315
REST09835,10.0,3879.84,1.0,581.99,-9.0,-90.0,-84.99963916037775
REST09848,10.0,2685.57,1.0,411.06,-9.0,-90.0,-84.693752164345
REST09867,11.0,3621.96,2.0,693.61,-9.0,-81.81818181818183,-80.84987134037924
REST09932,10.0,4398.95,1.0,324.24,-9.0,-90.0,-92.62915013810115
REST09938,10.0,3312.7599999999998,0.0,0.0,-10.0,-100.0,-100.0
REST09939,11.0,3663.36,1.0,387.16,-10.0,-90.9090909090909,-89.43156009783368
REST09942,11.0,4204.7,0.0,0.0,-11.0,-100.0,-100.0
REST09963,10.0,3865.53,0.0,0.0,-10.0,-100.0,-100.0
REST10010,10.0,3769.27,3.0,892.48,-7.0,-70.0,-76.32220562602308
REST10012,10.0,3221.69,0.0,0.0,-10.0,-100.0,-100.0
REST10017,10.0,4222.62,2.0,506.64,-8.0,-80.0,-88.00176193926994
REST10067,11.0,3880.6800000000003,0.0,0.0,-11.0,-100.0,-100.0
REST10081,13.0,4384.4800000000005,1.0,271.79,-12.0,-92.3076923076923,-93.80108929679233
REST10141,11.0,4055.98,1.0,285.46,-10.0,-90.9090909090909,-92.96199685402789
REST10146,10.0,3955.26,4.0,1413.95,-6.0,-60.0,-64.2514019305937
REST10152,12.0,3654.18,4.0,1337.29,-8.0,-66.66666666666666,-63.40382794498355
REST10165,10.0,3244.21,2.0,1241.8,-8.0,-80.0,-61.72257652864642
REST10172,10.0,4031.51,0.0,0.0,-10.0,-100.0,-100.0
REST10176,10.0,4048.58,1.0,299.19,-9.0,-90.0,-92.61000153140114
REST10181,10.0,3354.7799999999997,0.0,0.0,-10.0,-100.0,-100.0
REST10196,13.0,4664.32,4.0,1512.2,-9.0,-69.23076923076923,-67.57941136114161
REST10224,10.0,3522.6000000000004,4.0,900.52,-6.0,-60.0,-74.43592800772157
REST10230,11.0,4090.07,3.0,910.87,-8.0,-72.72727272727273,-77.72972100721994
REST10231,10.0,3323.59,2.0,967.6500000000001,-8.0,-80.0,-70.88539801840781
REST10248,10.0,3313.67,1.0,252.26,-9.0,-90.0,-92.38729263927911
REST10269,12.0,4954.5,0.0,0.0,-12.0,-100.0,-100.0
REST10285,10.0,2995.16,0.0,0.0,-10.0,-100.0,-100.0
REST10362,11.0,3931.6,3.0,1051.12,-8.0,-72.72727272727273,-73.26482856852172
REST10400,10.0,4136.37,2.0,816.6400000000001,-8.0,-80.0,-80.25708531876982
REST10431,10.0,3175.5,1.0,346.9,-9.0,-90.0,-89.07573610455046
REST10440,10.0,3197.42,1.0,412.4,-9.0,-90.0,-87.10210106898687
REST10449,10.0,3553.5099999999998,2.0,706.5999999999999,-8.0,-80.0,-80.11543516129123
REST10455,10.0,3380.44,1.0,416.74,-9.0,-90.0,-87.67201902710889
REST10465,11.0,3639.87,0.0,0.0,-11.0,-100.0,-100.0
REST10485,13.0,4933.75,1.0,210.06,-12.0,-92.3076923076923,-95.74238662275145
REST10518,10.0,3246.74,3.0,888.8199999999999,-7.0,-70.0,-72.62423230686782
REST10520,10.0,4080.01,2.0,545.62,-8.0,-80.0,-86.6269935612903
REST10551,14.0,4758.4,1.0,462.81,-13.0,-92.85714285714286,-90.27383154001343
REST10570,10.0,3048.8,1.0,232.24,-9.0,-90.0,-92.3825767515088
REST10575,10.0,3395.55,4.0,1401.6,-6.0,-60.0,-58.722445553739455
REST10593,10.0,3763.24,1.0,278.33,-9.0,-90.0,-92.6039795495371
REST10617,10.0,3904.67,3.0,1222.98,-7.0,-70.0,-68.67904329943374
REST10618,12.0,4155.81,0.0,0.0,-12.0,-100.0,-100.0
REST10620,10.0,3943.0299999999997,2.0,609.3399999999999,-8.0,-80.0,-84.54640213237028
REST10663,10.0,3690.72,1.0,192.41,-9.0,-90.0,-94.78665409459401
REST10669,11.0,4153.38,0.0,0.0,-11.0,-100.0,-100.0
REST10688,10.0,4073.5,2.0,830.98,-8.0,-80.0,-79.60034368479195
REST10720,10.0,4085.71,0.0,0.0,-10.0,-100.0,-100.0
REST10731,12.0,4277.77,2.0,653.35,-10.0,-83.33333333333334,-84.72685534752921
REST10768,10.0,3373.55,0.0,0.0,-10.0,-100.0,-100.0
REST10785,10.0,3889.3599999999997,2.0,672.98,-8.0,-80.0,-82.69689614743814
REST10791,11.0,4463.650000000001,0.0,0.0,-11.0,-100.0,-100.0
REST10792,10.0,3689.06,1.0,402.39,-9.0,-90.0,-89.0923433069671
REST10802,12.0,4571.47,2.0,545.61,-10.0,-83.33333333333334,-88.0648894119397
REST10809,10.0,3241.73,1.0,296.66,-9.0,-90.0,-90.84871349557181
REST10820,10.0,3049.87,0.0,0.0,-10.0,-100.0,-100.0
REST10832,10.0,3440.1,0.0,0.0,-10.0,-100.0,-100.0
REST10854,10.0,3526.42,1.0,289.7,-9.0,-90.0,-91.78486964116584
REST10855,10.0,3480.7200000000003,0.0,0.0,-10.0,-100.0,-100.0
REST10879,10.0,2953.33,0.0,0.0,-10.0,-100.0,-100.0
REST10881,13.0,4585.25,1.0,179.83,-12.0,-92.3076923076923,-96.07807644076114
REST10886,10.0,3251.55,0.0,0.0,-10.0,-100.0,-100.0
REST10922,12.0,4566.26,2.0,460.76,-10.0,-83.33333333333334,-89.90946639043769
REST10965,10.0,3446.34,2.0,449.70000000000005,-8.0,-80.0,-86.95137450164523
REST10998,10.0,3831.2,2.0,730.33,-8.0,-80.0,-80.93730423888077
REST11019,11.0,3961.38,4.0,1219.02,-7.0,-63.63636363636363,-69.2273904548415
REST11032,13.0,4871.53,2.0,976.53,-11.0,-84.61538461538461,-79.95434699160224
REST11065,10.0,2823.62,1.0,271.9,-9.0,-90.0,-90.37051727923728
REST11093,11.0,4114.09,3.0,913.0899999999999,-8.0,-72.72727272727273,-77.8057845112771
REST11099,11.0,4294.1900000000005,1.0,245.79,-10.0,-90.9090909090909,-94.2762197294484
REST11106,10.0,3392.35,0.0,0.0,-10.0,-100.0,-100.0
REST11137,12.0,5198.84,0.0,0.0,-12.0,-100.0,-100.0
REST11152,10.0,3425.06,2.0,544.55,-8.0,-80.0,-84.10100844948703
REST11194,12.0,4432.16,0.0,0.0,-12.0,-100.0,-100.0
REST11216,11.0,3940.27,5.0,1637.29,-6.0,-54.54545454545454,-58.44726376618862
REST11246,10.0,3434.81,3.0,1173.5900000000001,-7.0,-70.0,-65.83246234871797
REST11262,10.0,3293.48,2.0,758.11,-8.0,-80.0,-76.98149070284319
REST11266,10.0,4122.639999999999,1.0,368.41,-9.0,-90.0,-91.06373585857605
REST11283,10.0,3361.96,2.0,498.55,-8.0,-80.0,-85.17085271686754
REST11287,11.0,5077.87,2.0,848.73,-9.0,-81.81818181818183,-83.2857083777253
REST11298,10.0,4248.3099999999995,1.0,247.69,-9.0,-90.0,-94.16968159103267
REST11318,10.0,3144.48,2.0,907.22,-8.0,-80.0,-71.14880679794435
REST11320,10.0,3857.42,2.0,631.0999999999999,-8.0,-80.0,-83.63932369303836
REST11354,10.0,3589.91,0.0,0.0,-10.0,-100.0,-100.0
REST11362,10.0,4255.89,3.0,1411.18,-7.0,-70.0,-66.84171818350568
REST11400,10.0,3285.77,1.0,329.05,-9.0,-90.0,-89.98560459192213
REST11416,12.0,4747.7699999999995,1.0,447.89,-11.0,-91.66666666666666,-90.56630797195314
REST11428,10.0,3662.09,1.0,315.59,-9.0,-90.0,-91.38224347298947
REST11441,10.0,3205.68,0.0,0.0,-10.0,-100.0,-100.0
REST11495,10.0,3232.95,2.0,1003.48,-8.0,-80.0,-68.96085618398057
REST11508,11.0,4113.75,3.0,1065.56,-8.0,-72.72727272727273,-74.09759951382559
REST11566,10.0,3437.16,0.0,0.0,-10.0,-100.0,-100.0
REST11576,11.0,3829.7000000000003,2.0,597.09,-9.0,-81.81818181818183,-84.40896153745724
REST11593,11.0,3694.3,0.0,0.0,-11.0,-100.0,-100.0
REST11623,10.0,3535.17,0.0,0.0,-10.0,-100.0,-100.0
REST11694,17.0,5700.57,2.0,829.3299999999999,-15.0,-88.23529411764706,-85.45180569662332
REST11695,10.0,3569.87,1.0,308.1,-9.0,-90.0,-91.36943362083213
REST11697,11.0,3417.77,3.0,1400.54,-8.0,-72.72727272727273,-59.021818320132724
REST11702,11.0,3819.46,2.0,485.24,-9.0,-81.81818181818183,-87.29558628706677
REST11706,10.0,3566.14,2.0,375.22,-8.0,-80.0,-89.47825940652919
REST11713,10.0,4189.74,0.0,0.0,-10.0,-100.0,-100.0
REST11717,11.0,3788.87,1.0,343.04,-10.0,-90.9090909090909,-90.9461132210923
REST11752,10.0,3811.58,0.0,0.0,-10.0,-100.0,-100.0
REST11761,15.0,5420.42,2.0,449.04,-13.0,-86.66666666666667,-91.71577110260829
REST11763,10.0,3438.87,0.0,0.0,-10.0,-100.0,-100.0
REST11776,10.0,4078.74,5.0,1604.48,-5.0,-50.0,-60.66236141553518
REST11804,12.0,4823.83,0.0,0.0,-12.0,-100.0,-100.0
REST11825,11.0,3937.31,0.0,0.0,-11.0,-100.0,-100.0
REST11854,10.0,3132.98,3.0,1210.53,-7.0,-70.0,-61.361706745654296
REST11859,10.0,3121.15,1.0,341.73,-9.0,-90.0,-89.05115101805424
REST11911,12.0,4107.29,1.0,296.73,-11.0,-91.66666666666666,-92.77552838976551
REST12010,11.0,3744.98,3.0,1090.79,-8.0,-72.72727272727273,-70.873275691726
REST12013,10.0,3653.8,4.0,1525.1399999999999,-6.0,-60.0,-58.258799058514434
REST12029,10.0,3193.25,1.0,306.61,-9.0,-90.0,-90.39818366867611
REST12064,11.0,3838.34,3.0,1299.38,-8.0,-72.72727272727273,-66.14734494599229
REST12077,10.0,3157.67,2.0,601.0799999999999,-8.0,-80.0,-80.96444530302406
REST12096,12.0,4790.86,1.0,431.22,-11.0,-91.66666666666666,-90.999110806828
REST12102,10.0,2982.73,2.0,692.89,-8.0,-80.0,-76.76993894854715
REST12151,10.0,3942.29,2.0,827.67,-8.0,-80.0,-79.00534968254492
REST12166,11.0,3674.44,2.0,541.76,-9.0,-81.81818181818183,-85.25598458540622
REST12172,11.0,3563.83,1.0,256.16,-10.0,-90.9090909090909,-92.81222729479241
REST12176,10.0,3390.88,2.0,760.21,-8.0,-80.0,-77.58074600103808
REST12193,11.0,3641.41,2.0,661.52,-9.0,-81.81818181818183,-81.83341068432283
REST12213,11.0,4723.16,1.0,464.9,-10.0,-90.9090909090909,-90.15701352484355
REST12218,10.0,2865.71,0.0,0.0,-10.0,-100.0,-100.0
REST12223,10.0,3862.2200000000003,3.0,701.7199999999999,-7.0,-70.0,-81.83117481655628
REST12224,12.0,4031.1,1.0,316.06,-11.0,-91.66666666666666,-92.15946019696857
REST12226,10.0,3951.14,1.0,366.6,-9.0,-90.0,-90.7216651396812
REST12228,10.0,3397.93,0.0,0.0,-10.0,-100.0,-100.0
REST12267,10.0,4253.6,1.0,247.79,-9.0,-90.0,-94.17458153093851
REST12273,10.0,3790.12,0.0,0.0,-10.0,-100.0,-100.0
REST12302,10.0,3613.07,1.0,360.59,-9.0,-90.0,-90.01984461967247
REST12316,12.0,3606.15,0.0,0.0,-12.0,-100.0,-100.0
REST12335,15.0,5215.23,3.0,1008.86,-12.0,-80.0,-80.65550320887095
REST12422,10.0,3290.51,2.0,401.03,-8.0,-80.0,-87.81252754132339
REST12467,10.0,3321.08,2.0,801.01,-8.0,-80.0,-75.88103869825477
REST12510,11.0,3607.15,1.0,161.37,-10.0,-90.9090909090909,-95.52638509626715
REST12550,11.0,3907.4300000000003,3.0,880.3900000000001,-8.0,-72.72727272727273,-77.46882221818431
REST12579,10.0,3617.13,3.0,1049.91,-7.0,-70.0,-70.97394895953421
REST12581,10.0,3547.23,2.0,701.23,-8.0,-80.0,-80.2316173464929
REST12591,10.0,3353.39,4.0,1295.44,-6.0,-60.0,-61.369241275246836
REST12598,10.0,3435.06,0.0,0.0,-10.0,-100.0,-100.0
REST12610,10.0,2898.8,2.0,725.39,-8.0,-80.0,-74.97619704705396
REST12613,10.0,3107.1,1.0,259.26,-9.0,-90.0,-91.65588490875737
REST12653,11.0,4415.07,2.0,663.23,-9.0,-81.81818181818183,-84.97804111826086
REST12670,11.0,3731.53,5.0,2513.36,-6.0,-54.54545454545454,-32.6453224280657
REST12684,11.0,3808.6,1.0,243.89,-10.0,-90.9090909090909,-93.5963346111432
REST12690,12.0,4251.35,3.0,1191.09,-9.0,-75.0,-71.98325237865619
REST12696,11.0,3859.51,3.0,911.73,-8.0,-72.72727272727273,-76.37705304559387
REST12703,10.0,3432.55,0.0,0.0,-10.0,-100.0,-100.0
REST12724,12.0,4234.57,0.0,0.0,-12.0,-100.0,-100.0
REST12728,10.0,4030.27,0.0,0.0,-10.0,-100.0,-100.0
REST12769,10.0,3514.56,2.0,647.3399999999999,-8.0,-80.0,-81.58119366293364
REST12781,10.0,3185.77,0.0,0.0,-10.0,-100.0,-100.0
REST12788,10.0,4114.38,2.0,716.45,-8.0,-80.0,-82.58668377738566
REST12813,11.0,4613.75,1.0,396.88,-10.0,-90.9090909090909,-91.39788675155785
REST12845,10.0,3342.9,3.0,1123.79,-7.0,-70.0,-66.38278141733225
REST12872,10.0,4202.52,1.0,260.08,-9.0,-90.0,-93.81133224827009
REST12887,10.0,3815.87,4.0,1632.33,-6.0,-60.0,-57.22259930238713
REST12914,11.0,3801.6,2.0,772.84,-9.0,-81.81818181818183,-79.67066498316497
REST12918,11.0,3693.01,1.0,634.56,-10.0,-90.9090909090909,-82.817268298759
REST12919,15.0,5965.86,1.0,273.75,-14.0,-93.33333333333333,-95.41139081373012
REST12942,10.0,3690.66,1.0,399.36,-9.0,-90.0,-89.1791712051503
REST12974,11.0,3784.58,0.0,0.0,-11.0,-100.0,-100.0
REST12991,10.0,3362.42,1.0,278.5,-9.0,-90.0,-91.71727505784524
REST13002,10.0,2678.63,1.0,295.51,-9.0,-90.0,-88.96786790262186
REST13017,10.0,3582.8700000000003,0.0,0.0,-10.0,-100.0,-100.0
REST13020,13.0,4935.97,3.0,1136.52,-10.0,-76.92307692307693,-76.97473850124697
REST13023,11.0,3759.1800000000003,1.0,549.31,-10.0,-90.9090909090909,-85.38750472177443
REST13038,12.0,3374.05,5.0,1703.69,-7.0,-58.333333333333336,-49.50608319378788
REST13051,11.0,3577.91,2.0,772.6400000000001,-9.0,-81.81818181818183,-78.40527011579384
REST13058,10.0,3509.19,1.0,260.37,-9.0,-90.0,-92.58033905260189
REST13077,14.0,4907.21,1.0,480.13,-13.0,-92.85714285714286,-90.2158252856511
REST13169,10.0,3473.69,4.0,1650.8,-6.0,-60.0,-52.4770489018882
REST13212,11.0,3376.81,6.0,1825.9699999999998,-5.0,-45.45454545454545,-45.926184772018566
REST13247,10.0,3652.98,1.0,186.86,-9.0,-90.0,-94.88472425252807
REST13292,10.0,4404.33,2.0,662.95,-8.0,-80.0,-84.94776731080552
REST13297,12.0,3924.45,0.0,0.0,-12.0,-100.0,-100.0
REST13320,12.0,4311.06,1.0,363.05,-11.0,-91.66666666666666,-91.57863727250374
REST13326,11.0,4095.96,0.0,0.0,-11.0,-100.0,-100.0
REST13412,17.0,5711.25,3.0,1472.88,-14.0,-82.35294117647058,-74.21089954038082
REST13429,10.0,3825.15,1.0,318.48,-9.0,-90.0,-91.67405199796086
REST13447,10.0,3802.76,1.0,405.33,-9.0,-90.0,-89.34116273443499
REST13463,10.0,3637.87,0.0,0.0,-10.0,-100.0,-100.0
REST13501,10.0,3196.38,5.0,1651.15,-5.0,-50.0,-48.343125660903894
REST13528,10.0,4071.29,1.0,479.53,-9.0,-90.0,-88.22166929892
REST13533,13.0,4630.45,1.0,431.62,-12.0,-92.3076923076923,-90.6786597414938
REST13555,10.0,4073.69,0.0,0.0,-10.0,-100.0,-100.0
REST13576,10.0,3526.06,0.0,0.0,-10.0,-100.0,-100.0
REST13599,10.0,3971.71,1.0,284.12,-9.0,-90.0,-92.84640620790542
REST13602,11.0,3571.96,1.0,332.81,-10.0,-90.9090909090909,-90.6827064132857
REST13603,11.0,3957.4,1.0,327.12,-10.0,-90.9090909090909,-91.73396674584323
REST13629,11.0,3875.93,2.0,954.34,-9.0,-81.81818181818183,-75.37778030046982
REST13706,11.0,3688.64,1.0,405.6,-10.0,-90.9090909090909,-89.00407738353431
REST13773,10.0,3662.24,0.0,0.0,-10.0,-100.0,-100.0
REST13790,11.0,3902.38,0.0,0.0,-11.0,-100.0,-100.0
REST13791,10.0,4314.54,3.0,808.81,-7.0,-70.0,-81.25385324970912
REST13799,10.0,3631.85,1.0,764.24,-9.0,-90.0,-78.95728072469953
REST13844,10.0,4664.36,1.0,395.11,-9.0,-90.0,-91.52917013266558
REST13863,10.0,3498.52,2.0,547.2,-8.0,-80.0,-84.359100419606
REST13873,12.0,4109.41,0.0,0.0,-12.0,-100.0,-100.0
REST13904,13.0,4193.66,2.0,1158.21,-11.0,-84.61538461538461,-72.38188122069982
REST13906,11.0,4290.49,4.0,1529.97,-7.0,-63.63636363636363,-64.34043664010403
REST13925,11.0,3718.53,2.0,661.35,-9.0,-81.81818181818183,-82.2147461496882
REST14001,12.0,4126.7,4.0,1358.1299999999999,-8.0,-66.66666666666666,-67.08919960258802
REST14029,10.0,3793.7400000000002,2.0,687.6800000000001,-8.0,-80.0,-81.87329653587226
REST14043,12.0,3320.14,1.0,455.41,-11.0,-91.66666666666666,-86.28340973573404
REST14094,11.0,3838.4300000000003,1.0,211.59,-10.0,-90.9090909090909,-94.48758997819421
REST14098,10.0,3211.4700000000003,1.0,390.18,-9.0,-90.0,-87.85042363777336
REST14112,10.0,3614.66,2.0,800.37,-8.0,-80.0,-77.85766849440888
REST14117,10.0,3387.0699999999997,0.0,0.0,-10.0,-100.0,-100.0
REST14129,12.0,4503.94,2.0,560.89,-10.0,-83.33333333333334,-87.5466813501068
REST14153,10.0,3162.98,1.0,379.43,-9.0,-90.0,-88.00403417030776
REST14160,11.0,3060.68,0.0,0.0,-11.0,-100.0,-100.0
REST14169,11.0,3870.27,1.0,336.21,-10.0,-90.9090909090909,-91.31300916990287
REST14193,13.0,4906.97,3.0,904.89,-10.0,-76.92307692307693,-81.5590883987471
REST14219,12.0,3957.7799999999997,1.0,313.4,-11.0,-91.66666666666666,-92.08141938157249
REST14225,11.0,3464.06,0.0,0.0,-11.0,-100.0,-100.0
REST14234,12.0,3939.06,3.0,945.0699999999999,-9.0,-75.0,-76.00772773199697
REST14248,10.0,3635.34,3.0,897.9200000000001,-7.0,-70.0,-75.30024701953599
REST14267,10.0,4205.48,1.0,174.81,-9.0,-90.0,-95.84328067188525
REST14270,10.0,2976.47,0.0,0.0,-10.0,-100.0,-100.0
REST14282,10.0,3392.98,0.0,0.0,-10.0,-100.0,-100.0
REST14341,11.0,3727.4700000000003,3.0,1142.28,-8.0,-72.72727272727273,-69.35508535279963
REST14352,11.0,3669.55,0.0,0.0,-11.0,-100.0,-100.0
REST14389,10.0,3566.48,1.0,327.76,-9.0,-90.0,-90.80998631704091
REST14394,11.0,4713.55,2.0,460.62,-9.0,-81.81818181818183,-90.22774766365053
REST14400,11.0,4274.84,2.0,652.0699999999999,-9.0,-81.81818181818183,-84.74632968719298
REST14411,11.0,4861.11,2.0,827.78,-9.0,-81.81818181818183,-82.97137896488663
REST14434,10.0,3720.36,1.0,207.76,-9.0,-90.0,-94.4155941898096
REST14460,11.0,3966.81,1.0,295.03,-10.0,-90.9090909090909,-92.56253765620234
REST14489,10.0,4071.79,1.0,253.19,-9.0,-90.0,-93.78185024276792
REST14496,12.0,3858.19,3.0,1173.6399999999999,-9.0,-75.0,-69.58055461239597
REST14511,10.0,4074.33,2.0,699.11,-8.0,-80.0,-82.84110516330291
REST14529,11.0,4178.71,2.0,550.61,-9.0,-81.81818181818183,-86.82344551308896
REST14532,12.0,3842.0499999999997,2.0,596.46,-10.0,-83.33333333333334,-84.47547533217943
REST14574,10.0,4050.19,0.0,0.0,-10.0,-100.0,-100.0
REST14577,11.0,4227.610000000001,3.0,798.0,-8.0,-72.72727272727273,-81.12408665889238
REST14578,10.0,3358.43,1.0,338.29,-9.0,-90.0,-89.92713857367877
REST14646,11.0,3561.14,2.0,878.95,-9.0,-81.81818181818183,-75.31829694985312
REST14663,10.0,2962.72,3.0,898.35,-7.0,-70.0,-69.67820111249122
REST14675,10.0,3798.85,1.0,216.54,-9.0,-90.0,-94.29985390315491
REST14693,10.0,3298.64,2.0,783.53,-8.0,-80.0,-76.24687750103072
REST14694,10.0,3315.81,0.0,0.0,-10.0,-100.0,-100.0
REST14697,10.0,3360.79,1.0,536.72,-9.0,-90.0,-84.02994534023249
REST14703,11.0,3951.9,2.0,459.73,-9.0,-81.81818181818183,-88.36686150965359
REST14718,10.0,4532.22,4.0,1681.69,-6.0,-60.0,-62.89478445441748
REST14753,11.0,4198.11,1.0,293.23,-10.0,-90.9090909090909,-93.01519016890934
REST14757,10.0,3174.36,1.0,221.59,-9.0,-90.0,-93.0193802845298
REST14759,11.0,3803.48,1.0,311.01,-10.0,-90.9090909090909,-91.82301471284194
REST14760,12.0,4203.68,1.0,376.65,-11.0,-91.66666666666666,-91.03999352947893
REST14791,10.0,3628.85,0.0,0.0,-10.0,-100.0,-100.0
REST14794,10.0,3305.86,3.0,885.18,-7.0,-70.0,-73.22391147840503
REST14831,10.0,3862.2799999999997,1.0,239.13,-9.0,-90.0,-93.80857938834056
REST14853,14.0,4230.26,2.0,747.21,-12.0,-85.71428571428571,-82.33654668980157
REST14880,10.0,4653.81,2.0,609.0899999999999,-8.0,-80.0,-86.91201402721642
REST14903,12.0,4744.72,0.0,0.0,-12.0,-100.0,-100.0
REST14915,10.0,3474.86,3.0,896.62,-7.0,-70.0,-74.19694606401409
REST15013,10.0,3454.46,1.0,434.19,-9.0,-90.0,-87.43103118866624
REST15077,13.0,4853.46,2.0,596.27,-11.0,-84.61538461538461,-87.71453767003334
REST15098,10.0,3017.58,3.0,1411.47,-7.0,-70.0,-53.22510090867516
REST15113,10.0,3754.4300000000003,2.0,511.21999999999997,-8.0,-80.0,-86.3835522302986
REST15164,12.0,4839.53,0.0,0.0,-12.0,-100.0,-100.0
REST15200,10.0,4047.71,1.0,428.61,-9.0,-90.0,-89.41104970464781
REST15217,10.0,3747.54,2.0,641.78,-8.0,-80.0,-82.87463242553783
REST15267,10.0,3466.18,2.0,797.61,-8.0,-80.0,-76.98878881073689
REST15289,11.0,3781.69,2.0,610.88,-9.0,-81.81818181818183,-83.84637556224862
REST15290,12.0,3836.62,1.0,260.35,-11.0,-91.66666666666666,-93.21407905917187
REST15313,10.0,3008.95,1.0,241.96,-9.0,-90.0,-91.95865667425514
REST15318,14.0,4455.87,2.0,595.9100000000001,-12.0,-85.71428571428571,-86.62640516891203
REST15329,10.0,3537.65,1.0,217.6,-9.0,-90.0,-93.84902406965075
REST15355,11.0,3516.02,1.0,193.73,-10.0,-90.9090909090909,-94.49007684825456
REST15364,10.0,3570.4,1.0,456.63,-9.0,-90.0,-87.21067667488236
REST15400,11.0,4242.49,3.0,1037.9,-8.0,-72.72727272727273,-75.53559348401528
REST15417,10.0,3575.95,1.0,282.56,-9.0,-90.0,-92.09832352242063
REST15452,10.0,4091.36,2.0,994.22,-8.0,-80.0,-75.6995228970318
REST15541,11.0,3302.01,2.0,604.49,-9.0,-81.81818181818183,-81.69327167391984
REST15570,12.0,3861.8,2.0,816.05,-10.0,-83.33333333333334,-78.86866228183747
REST15632,10.0,2992.87,1.0,227.73,-9.0,-90.0,-92.39091574308273
REST15646,11.0,3638.08,3.0,858.8199999999999,-8.0,-72.72727272727273,-76.39359222447005
REST15647,10.0,3405.27,1.0,501.12,-9.0,-90.0,-85.28398629183589
REST15684,10.0,3752.26,2.0,745.81,-8.0,-80.0,-80.12371210950201
REST15708,13.0,4664.23,2.0,556.95,-11.0,-84.61538461538461,-88.05912229885747
REST15713,14.0,5299.3,3.0,980.39,-11.0,-78.57142857142857,-81.49963202687147
REST15735,10.0,3232.77,3.0,920.14,-7.0,-70.0,-71.53710285606462
REST15738,10.0,3606.63,2.0,1205.89,-8.0,-80.0,-66.56463235763024
REST15752,10.0,3564.43,3.0,918.26,-7.0,-70.0,-74.23823724971454
REST15764,10.0,3098.06,1.0,564.22,-9.0,-90.0,-81.78795762509442
REST15768,11.0,3530.68,2.0,787.19,-9.0,-81.81818181818183,-77.70429492335754
REST15821,10.0,3688.1,0.0,0.0,-10.0,-100.0,-100.0
REST15831,10.0,3216.6,1.0,300.26,-9.0,-90.0,-90.66529876266867
REST15840,11.0,4242.87,2.0,839.02,-9.0,-81.81818181818183,-80.22517776882158
REST15851,10.0,2735.02,3.0,1080.08,-7.0,-70.0,-60.50924673311348
REST15861,10.0,3277.73,3.0,1012.14,-7.0,-70.0,-69.12070243735756
REST15878,10.0,3339.75,2.0,710.6600000000001,-8.0,-80.0,-78.72116176360507
REST15879,10.0,3264.38,1.0,191.39,-9.0,-90.0,-94.13701836183289
REST15908,12.0,4487.59,0.0,0.0,-12.0,-100.0,-100.0
REST15926,11.0,3946.5699999999997,0.0,0.0,-11.0,-100.0,-100.0
REST15931,10.0,3689.06,2.0,770.1600000000001,-8.0,-80.0,-79.12313705930507
REST15936,11.0,3610.2799999999997,1.0,348.38,-10.0,-90.9090909090909,-90.35033293816545
REST15954,10.0,3275.2200000000003,1.0,229.31,-9.0,-90.0,-92.99863825941463
REST16008,12.0,4474.67,2.0,550.86,-10.0,-83.33333333333334,-87.68937150672564
REST16069,11.0,3575.58,2.0,945.9,-9.0,-81.81818181818183,-73.5455506519222
REST16145,10.0,3188.81,0.0,0.0,-10.0,-100.0,-100.0
REST16186,10.0,3236.89,1.0,448.75,-9.0,-90.0,-86.13638399822051
REST16260,11.0,3397.8199999999997,0.0,0.0,-11.0,-100.0,-100.0
REST16264,11.0,3857.63,4.0,1704.18,-7.0,-63.63636363636363,-55.823134929995874
REST16313,10.0,3672.56,2.0,669.99,-8.0,-80.0,-81.7568671444442
REST16319,10.0,3341.49,2.0,605.56,-8.0,-80.0,-81.87754564580472
REST16323,10.0,3373.5099999999998,0.0,0.0,-10.0,-100.0,-100.0
REST16331,10.0,3543.29,1.0,344.93,-9.0,-90.0,-90.26526194581872
REST16367,10.0,3590.33,3.0,957.55,-7.0,-70.0,-73.32974963304208
REST16407,10.0,3342.56,2.0,578.0699999999999,-8.0,-80.0,-82.7057704274568
REST16415,10.0,3334.68,3.0,1302.54,-7.0,-70.0,-60.93958040951456
REST16420,11.0,3746.47,0.0,0.0,-11.0,-100.0,-100.0
REST16488,12.0,4216.36,0.0,0.0,-12.0,-100.0,-100.0
REST16506,10.0,3706.6,0.0,0.0,-10.0,-100.0,-100.0
REST16529,19.0,5967.68,2.0,721.3199999999999,-17.0,-89.47368421052632,-87.91289077162315
REST16534,10.0,3413.79,2.0,596.98,-8.0,-80.0,-82.5126911731536
REST16558,13.0,4915.4,1.0,510.97,-12.0,-92.3076923076923,-89.60471172234202
REST16618,10.0,3094.8199999999997,1.0,482.38,-9.0,-90.0,-84.41330998248687
REST16687,12.0,3962.42,1.0,380.9,-11.0,-91.66666666666666,-90.38718762776283
REST16709,10.0,3124.21,2.0,788.08,-8.0,-80.0,-74.77506313596078
REST16714,11.0,3360.33,2.0,942.72,-9.0,-81.81818181818183,-71.94561248448812
REST16760,13.0,4471.0199999999995,2.0,652.24,-11.0,-84.61538461538461,-85.41182996273781
REST16780,16.0,6216.66,5.0,2102.05,-11.0,-68.75,-66.18682701000215
REST16790,10.0,3425.01,2.0,796.9300000000001,-8.0,-80.0,-76.73203873857301
REST16791,10.0,3092.74,2.0,661.23,-8.0,-80.0,-78.6199292536715
REST16799,10.0,2664.2599999999998,4.0,1469.63,-6.0,-60.0,-44.8390922807834
REST16813,10.0,3419.65,2.0,709.95,-8.0,-80.0,-79.23910341701635
REST16862,10.0,3796.88,0.0,0.0,-10.0,-100.0,-100.0
REST16905,10.0,4374.83,0.0,0.0,-10.0,-100.0,-100.0
REST16930,13.0,4016.58,1.0,263.38,-12.0,-92.3076923076923,-93.44268009102271
REST16935,11.0,3330.28,4.0,1509.22,-7.0,-63.63636363636363,-54.681888609966734
REST16938,13.0,3908.04,2.0,1021.88,-11.0,-84.61538461538461,-73.85185412636514
REST16952,10.0,3457.93,2.0,670.79,-8.0,-80.0,-80.60140025969294
REST16989,10.0,3011.61,1.0,365.62,-9.0,-90.0,-87.8596498218561
REST17003,10.0,3598.84,1.0,323.62,-9.0,-90.0,-91.00765802314079
REST17010,13.0,4809.49,0.0,0.0,-13.0,-100.0,-100.0
REST17022,11.0,4040.1800000000003,1.0,245.42,-10.0,-90.9090909090909,-93.92551816998252
REST17026,10.0,3010.1,1.0,323.78,-9.0,-90.0,-89.24354672602239
REST17043,13.0,5105.39,0.0,0.0,-13.0,-100.0,-100.0
REST17186,10.0,3171.87,1.0,294.47,-9.0,-90.0,-90.71620211421022
REST17188,12.0,4234.29,3.0,897.0,-9.0,-75.0,-78.81581091517114
REST17205,11.0,3416.87,0.0,0.0,-11.0,-100.0,-100.0
REST17251,10.0,3372.27,3.0,997.83,-7.0,-70.0,-70.41073223674262
REST17305,11.0,4852.77,0.0,0.0,-11.0,-100.0,-100.0
REST17356,11.0,3883.54,1.0,370.03,-10.0,-90.9090909090909,-90.4718375502763
REST17369,10.0,3189.25,2.0,684.94,-8.0,-80.0,-78.52347730657678
REST17425,10.0,3073.56,1.0,366.18,-9.0,-90.0,-88.0861281380549
REST17464,10.0,4031.4700000000003,2.0,706.78,-8.0,-80.0,-82.46842962988687
REST17473,10.0,4397.37,2.0,593.36,-8.0,-80.0,-86.50648000964213
REST17486,10.0,3995.3,1.0,628.55,-9.0,-90.0,-84.26776462343253
REST17504,11.0,3526.31,2.0,708.5,-9.0,-81.81818181818183,-79.90817596864711
REST17541,11.0,3754.5299999999997,2.0,535.69,-9.0,-81.81818181818183,-85.73216887333434
REST17574,11.0,4261.74,1.0,433.65,-10.0,-90.9090909090909,-89.82457869320982
REST17589,10.0,3474.12,3.0,1325.2,-7.0,-70.0,-61.85508848283882
REST17611,11.0,3908.75,0.0,0.0,-11.0,-100.0,-100.0
REST17626,11.0,4106.48,1.0,221.41,-10.0,-90.9090909090909,-94.60827764898406
REST17729,10.0,2995.08,1.0,305.65,-9.0,-90.0,-89.79493035244467
REST17743,14.0,5234.84,4.0,1596.78,-10.0,-71.42857142857143,-69.49706199234362
REST17778,10.0,3746.69,2.0,548.02,-8.0,-80.0,-85.37322276462692
REST17823,11.0,3772.43,1.0,363.72,-10.0,-90.9090909090909,-90.35846920950156
REST17846,10.0,4009.73,1.0,286.45,-9.0,-90.0,-92.8561274699294
REST17855,10.0,3743.32,1.0,282.08,-9.0,-90.0,-92.4644433283823
REST17891,11.0,3772.2999999999997,0.0,0.0,-11.0,-100.0,-100.0
REST17901,12.0,4773.4800000000005,1.0,263.32,-11.0,-91.66666666666666,-94.48368904866052
REST17967,10.0,3689.88,1.0,229.0,-9.0,-90.0,-93.79383611391157
REST18021,10.0,3455.21,2.0,787.75,-8.0,-80.0,-77.20109631541932
REST18022,10.0,3341.73,5.0,1995.42,-5.0,-50.0,-40.287814994030036
REST18037,12.0,3984.19,0.0,0.0,-12.0,-100.0,-100.0
REST18064,10.0,3255.13,0.0,0.0,-10.0,-100.0,-100.0
REST18074,11.0,4273.22,0.0,0.0,-11.0,-100.0,-100.0
REST18099,12.0,3461.4300000000003,4.0,1282.47,-8.0,-66.66666666666666,-62.94970575744706
REST18101,12.0,4359.12,1.0,435.75,-11.0,-91.66666666666666,-90.00371634641854
REST18122,12.0,5329.16,0.0,0.0,-12.0,-100.0,-100.0
REST18143,10.0,3937.7200000000003,2.0,678.1700000000001,-8.0,-80.0,-82.7775971882206
REST18189,10.0,3121.2,0.0,0.0,-10.0,-100.0,-100.0
REST18190,13.0,4192.85,4.0,1194.94,-9.0,-69.23076923076923,-71.50053066529925
REST18194,10.0,4057.89,3.0,951.4200000000001,-7.0,-70.0,-76.55382477100167
REST18211,10.0,4241.900000000001,1.0,504.14,-9.0,-90.0,-88.11523138216366
REST18219,10.0,3518.55,3.0,1069.13,-7.0,-70.0,-69.61447187051483
REST18267,12.0,4878.3,3.0,761.88,-9.0,-75.0,-84.38226431338785
REST18275,10.0,3510.15,1.0,420.95,-9.0,-90.0,-88.00763500135322
REST18282,12.0,4343.42,2.0,821.3199999999999,-10.0,-83.33333333333334,-81.09047708948249
REST18299,10.0,3179.4,2.0,738.0899999999999,-8.0,-80.0,-76.78524249858465
REST18308,10.0,3353.2000000000003,3.0,1504.97,-7.0,-70.0,-55.11839436955744
REST18312,11.0,4475.95,1.0,201.38,-10.0,-90.9090909090909,-95.50084339637395
REST18364,10.0,3963.5,2.0,665.1800000000001,-8.0,-80.0,-83.21735839535764
REST18367,10.0,3723.36,4.0,1374.08,-6.0,-60.0,-63.09569850887371
REST18387,11.0,3569.2799999999997,0.0,0.0,-11.0,-100.0,-100.0
REST18402,12.0,4049.42,2.0,599.76,-10.0,-83.33333333333334,-85.18899002820156
REST18408,10.0,3449.69,1.0,381.37,-9.0,-90.0,-88.94480373598788
REST18414,10.0,4034.83,2.0,679.8,-8.0,-80.0,-83.15170651551614
REST18435,11.0,3347.95,1.0,352.25,-10.0,-90.9090909090909,-89.47863618034917
REST18441,11.0,4936.16,1.0,256.32,-10.0,-90.9090909090909,-94.80729960130952
REST18468,12.0,4728.89,2.0,843.5699999999999,-10.0,-83.33333333333334,-82.16135287562199
REST18484,11.0,3589.81,1.0,188.56,-10.0,-90.9090909090909,-94.74735431680227
REST18495,13.0,4337.5,0.0,0.0,-13.0,-100.0,-100.0
REST18514,10.0,4066.76,3.0,1264.6999999999998,-7.0,-70.0,-68.90153340743001
REST18518,15.0,5595.8099999999995,2.0,692.85,-13.0,-86.66666666666667,-87.6184144922719
REST18523,10.0,3804.95,3.0,962.1,-7.0,-70.0,-74.71451661651271
REST18550,10.0,4067.2200000000003,1.0,201.39,-9.0,-90.0,-95.04846061929278
REST18560,10.0,3146.24,3.0,982.0899999999999,-7.0,-70.0,-68.78528020748575
REST18564,10.0,3436.2,2.0,1012.28,-8.0,-80.0,-70.5407135789535
REST18603,10.0,3377.6,3.0,1349.9,-7.0,-70.0,-60.03375177640928
REST18696,12.0,3580.0,1.0,170.46,-11.0,-91.66666666666666,-95.23854748603353
REST18755,12.0,3470.62,2.0,728.05,-10.0,-83.33333333333334,-79.02248013323268
REST18771,12.0,4512.95,0.0,0.0,-12.0,-100.0,-100.0
REST18815,12.0,5202.99,2.0,566.38,-10.0,-83.33333333333334,-89.11433617977355
REST18832,12.0,4223.12,1.0,322.01,-11.0,-91.66666666666666,-92.37506866960919
REST18851,10.0,3769.1400000000003,1.0,324.98,-9.0,-90.0,-91.37787399778199
REST18858,14.0,4203.04,2.0,768.34,-12.0,-85.71428571428571,-81.71942213255167
REST18867,10.0,3131.08,1.0,318.71,-9.0,-90.0,-89.82108409877742
REST18875,10.0,3283.4,2.0,589.61,-8.0,-80.0,-82.04269964061643
REST18908,10.0,4072.94,4.0,1240.52,-6.0,-60.0,-69.5423944374334
REST18964,10.0,3527.17,1.0,637.26,-9.0,-90.0,-81.93282433225502
REST19043,10.0,3120.31,0.0,0.0,-10.0,-100.0,-100.0
REST19071,12.0,4899.03,2.0,465.96000000000004,-10.0,-83.33333333333334,-90.48872940153458
REST19087,10.0,3206.99,1.0,330.69,-9.0,-90.0,-89.68846176632917
REST19123,10.0,3420.14,0.0,0.0,-10.0,-100.0,-100.0
REST19132,11.0,3385.3,0.0,0.0,-11.0,-100.0,-100.0
REST19163,11.0,3534.1,2.0,597.3399999999999,-9.0,-81.81818181818183,-83.09781839789481
REST19209,12.0,4582.46,2.0,686.9300000000001,-10.0,-83.33333333333334,-85.009580007245
REST19223,10.0,3451.68,2.0,902.0899999999999,-8.0,-80.0,-73.8651902841515
REST19265,11.0,3959.0499999999997,2.0,647.13,-9.0,-81.81818181818183,-83.65441204329322
REST19266,10.0,3384.81,1.0,315.61,-9.0,-90.0,-90.67569523843288
REST19267,10.0,3237.44,2.0,484.78999999999996,-8.0,-80.0,-85.02551398635958
REST19283,10.0,3738.41,2.0,549.4300000000001,-8.0,-80.0,-85.30311014575715
REST19297,13.0,3970.73,7.0,2375.85,-6.0,-46.15384615384615,-40.16591407625298
REST19298,10.0,3620.1800000000003,4.0,974.47,-6.0,-60.0,-73.0822776768006
REST19312,12.0,4040.82,2.0,559.45,-10.0,-83.33333333333334,-86.15503783885448
REST19323,11.0,4087.51,2.0,711.71,-9.0,-81.81818181818183,-82.58817715430665
REST19327,11.0,4370.76,1.0,259.38,-10.0,-90.9090909090909,-94.065562968454
REST19341,10.0,3711.18,3.0,889.14,-7.0,-70.0,-76.04158246164293
REST19362,10.0,3531.17,1.0,341.41,-9.0,-90.0,-90.33153317455688
REST19372,10.0,3276.99,3.0,1026.72,-7.0,-70.0,-68.66880887643842
REST19387,10.0,3429.22,1.0,367.38,-9.0,-90.0,-89.28677658476272
REST19409,13.0,4445.09,2.0,1064.1399999999999,-11.0,-84.61538461538461,-76.06032723746875
REST19417,10.0,3301.67,0.0,0.0,-10.0,-100.0,-100.0
REST19418,11.0,3611.83,1.0,340.35,-10.0,-90.9090909090909,-90.57679901877995
REST19426,11.0,3918.58,0.0,0.0,-11.0,-100.0,-100.0
REST19431,10.0,3147.17,1.0,701.64,-9.0,-90.0,-77.70568478982706
REST19448,12.0,3611.4700000000003,3.0,847.67,-9.0,-75.0,-76.52839425497096
REST19474,11.0,3186.4900000000002,3.0,1003.8499999999999,-8.0,-72.72727272727273,-68.49668443961852
REST19478,10.0,4354.8,1.0,694.37,-9.0,-90.0,-84.05506567465785
REST19479,14.0,4913.74,2.0,853.95,-12.0,-85.71428571428571,-82.62118060784657
REST19490,10.0,4012.67,2.0,554.3399999999999,-8.0,-80.0,-86.18525819466838
REST19519,11.0,3746.48,2.0,634.12,-9.0,-81.81818181818183,-83.07424569195618
REST19535,10.0,3669.41,3.0,1058.09,-7.0,-70.0,-71.16457414134698
REST19537,10.0,4010.5299999999997,1.0,399.67,-9.0,-90.0,-90.03448422029008
REST19550,10.0,3902.63,0.0,0.0,-10.0,-100.0,-100.0
REST19565,10.0,3562.38,3.0,1085.21,-7.0,-70.0,-69.53693878811357
REST19569,10.0,3019.93,4.0,1320.19,-6.0,-60.0,-56.28408605497478
REST19572,12.0,3903.93,3.0,755.22,-9.0,-75.0,-80.65487854546572
REST19601,11.0,3873.74,3.0,989.11,-8.0,-72.72727272727273,-74.46627806719087
REST19619,10.0,3156.56,1.0,223.28,-9.0,-90.0,-92.92647692424664
REST19620,11.0,4001.22,2.0,885.0899999999999,-9.0,-81.81818181818183,-77.8794967534902
REST19621,11.0,3318.64,1.0,280.76,-10.0,-90.9090909090909,-91.53990791408529
REST19622,10.0,3506.69,0.0,0.0,-10.0,-100.0,-100.0
REST19623,13.0,4557.22,1.0,419.04,-12.0,-92.3076923076923,-90.80492054366478
REST19628,10.0,4190.59,1.0,405.18,-9.0,-90.0,-90.33119441415171
REST19656,11.0,3840.7799999999997,1.0,354.84,-10.0,-90.9090909090909,-90.76125162076453
REST19683,10.0,3186.4900000000002,2.0,527.99,-8.0,-80.0,-83.43035754074232
REST19690,11.0,3457.62,2.0,626.03,-9.0,-81.81818181818183,-81.89419311549564
REST19707,10.0,3308.9,0.0,0.0,-10.0,-100.0,-100.0
REST19708,10.0,3425.84,1.0,589.47,-9.0,-90.0,-82.79341708894752
REST19723,12.0,4919.82,1.0,219.72,-11.0,-91.66666666666666,-95.53398295059576
REST19749,10.0,3627.54,2.0,987.22,-8.0,-80.0,-72.78541380660171
REST19783,11.0,4083.9300000000003,1.0,284.75,-10.0,-90.9090909090909,-93.02754944379556
REST19813,10.0,2982.3199999999997,3.0,1404.49,-7.0,-70.0,-52.906126773786845
REST19830,11.0,3698.38,5.0,1538.02,-6.0,-54.54545454545454,-58.413683829136
REST19841,10.0,3484.8199999999997,0.0,0.0,-10.0,-100.0,-100.0
REST19891,11.0,3495.6,2.0,951.06,-9.0,-81.81818181818183,-72.79265362169585
REST19894,10.0,3080.2200000000003,1.0,366.11,-9.0,-90.0,-88.11416067683476
REST19925,12.0,4406.2,0.0,0.0,-12.0,-100.0,-100.0
REST19985,12.0,4157.58,0.0,0.0,-12.0,-100.0,-100.0
